[
	{
		"firstName":"Alex",
		"lastName": "Anwer",
		"email": "Alexdoe@gmail.com",
		"photo":"image/1.jpg"
	},
	{
		"firstName":"Jahurul",
		"lastName": "Aron",
		"email": "jahurul.aron@gmail.com",
		"photo":"image/11.jpg"
	},
	{
		"firstName":"Masum",
		"lastName": "Karim",
		"email": "masum2masum@gmail.com",
		"photo":"image/12.jpg"
	},
	{
		"firstName":"Gentic",
		"lastName": "share",
		"email": "gentic@gmail.com",
		"photo":"image/8.jpg"
	},
	{
		"firstName":"Mustofa",
		"lastName": "arab",
		"email": "mustofaarab@gmail.com",
		"photo":"image/7.jpg"
	}
]